,catg1,catg2,catg3,catg4,catg5,catg6,catg7,catg8
0,https://gunosy.com/articles/aAaRv,https://gunosy.com/articles/Rm0Av,https://gunosy.com/articles/RPBnS,https://gunosy.com/articles/RYSNS,https://gunosy.com/articles/RSAtG,https://gunosy.com/articles/a6PKc,https://gunosy.com/articles/RhEVc,https://gunosy.com/articles/RnlSi
1,https://gunosy.com/articles/R30VJ,https://gunosy.com/articles/amQGd,https://gunosy.com/articles/RWxLd,https://gunosy.com/articles/a72Oc,https://gunosy.com/articles/RAila,https://gunosy.com/articles/RJRq2,https://gunosy.com/articles/audmZ,https://gunosy.com/articles/afHDi
2,https://gunosy.com/articles/RAolv,https://gunosy.com/articles/RoYKc,https://gunosy.com/articles/RuRec,https://gunosy.com/articles/axoC2,https://gunosy.com/articles/RMTFv,https://gunosy.com/articles/RFRaD,https://gunosy.com/articles/RSLXc,https://gunosy.com/articles/au9sJ
3,https://gunosy.com/articles/RVVKS,https://gunosy.com/articles/RIp5Y,https://gunosy.com/articles/RYaSL,https://gunosy.com/articles/RYEYL,https://gunosy.com/articles/aqJQu,https://gunosy.com/articles/al4VJ,https://gunosy.com/articles/Rmhza,https://gunosy.com/articles/RIdHG
4,https://gunosy.com/articles/Rmz0u,https://gunosy.com/articles/aLhSi,https://gunosy.com/articles/aEveS,https://gunosy.com/articles/RyBFP,https://gunosy.com/articles/RBpqG,https://gunosy.com/articles/azTgG,https://gunosy.com/articles/RibxS,https://gunosy.com/articles/RsaFu
5,https://gunosy.com/articles/Rfrmc,https://gunosy.com/articles/RbmEc,https://gunosy.com/articles/aZx9G,https://gunosy.com/articles/Rm8cd,https://gunosy.com/articles/aYbec,https://gunosy.com/articles/RuMgi,https://gunosy.com/articles/aw8tY,https://gunosy.com/articles/RZrzP
6,https://gunosy.com/articles/apNVc,https://gunosy.com/articles/amh92,https://gunosy.com/articles/aLtaL,https://gunosy.com/articles/af0Si,https://gunosy.com/articles/Rqxui,https://gunosy.com/articles/Rq8eZ,https://gunosy.com/articles/Rpr5Y,https://gunosy.com/articles/RqTW2
7,https://gunosy.com/articles/RP2Fu,https://gunosy.com/articles/azDLD,https://gunosy.com/articles/aGuSL,https://gunosy.com/articles/RhhmJ,https://gunosy.com/articles/RwXeJ,https://gunosy.com/articles/RBjTY,https://gunosy.com/articles/aaTZd,https://gunosy.com/articles/RmcoS
8,https://gunosy.com/articles/aPpbP,https://gunosy.com/articles/Rs7TY,https://gunosy.com/articles/apKEc,https://gunosy.com/articles/aLJZL,https://gunosy.com/articles/alHPL,https://gunosy.com/articles/a6XOS,https://gunosy.com/articles/atBec,https://gunosy.com/articles/atSEZ
9,https://gunosy.com/articles/abR8Y,https://gunosy.com/articles/Rdc7P,https://gunosy.com/articles/aRZ4u,https://gunosy.com/articles/R2Zg2,https://gunosy.com/articles/RphPD,https://gunosy.com/articles/a7EbP,https://gunosy.com/articles/aOGzv,https://gunosy.com/articles/RpqIY
10,https://gunosy.com/articles/R0BJi,https://gunosy.com/articles/awRLL,https://gunosy.com/articles/RNhJi,https://gunosy.com/articles/atgcd,https://gunosy.com/articles/Rubec,https://gunosy.com/articles/RLhec,https://gunosy.com/articles/abTrS,https://gunosy.com/articles/RNB8Y
11,https://gunosy.com/articles/RAQ2d,https://gunosy.com/articles/Rs4BP,https://gunosy.com/articles/RiquL,https://gunosy.com/articles/RZfBa,https://gunosy.com/articles/RsH2D,https://gunosy.com/articles/aaGAP,https://gunosy.com/articles/RX9Li,https://gunosy.com/articles/aXRxS
12,https://gunosy.com/articles/R3HCY,https://gunosy.com/articles/RY22i,https://gunosy.com/articles/aEwRu,https://gunosy.com/articles/axvAP,https://gunosy.com/articles/Rw0tG,https://gunosy.com/articles/RZxFa,https://gunosy.com/articles/acmrc,https://gunosy.com/articles/RN6zu
13,https://gunosy.com/articles/RmxPi,https://gunosy.com/articles/amevi,https://gunosy.com/articles/RWb3G,https://gunosy.com/articles/RPgCY,https://gunosy.com/articles/aRWFv,https://gunosy.com/articles/R1cEZ,https://gunosy.com/articles/a7Z2i,https://gunosy.com/articles/RujXZ
14,https://gunosy.com/articles/RCxmc,https://gunosy.com/articles/RYi52,https://gunosy.com/articles/RWXYL,https://gunosy.com/articles/RWzlu,https://gunosy.com/articles/aA9vL,https://gunosy.com/articles/aXMec,https://gunosy.com/articles/R2GiD,https://gunosy.com/articles/aA7WY
15,https://gunosy.com/articles/Ru4Ra,https://gunosy.com/articles/RqbKZ,https://gunosy.com/articles/aGflv,https://gunosy.com/articles/axqLi,https://gunosy.com/articles/RdJla,https://gunosy.com/articles/aW77Z,https://gunosy.com/articles/Rsx7u,https://gunosy.com/articles/Rqnui
16,https://gunosy.com/articles/RJ7za,https://gunosy.com/articles/RivdD,https://gunosy.com/articles/aL3jP,https://gunosy.com/articles/RFSbv,https://gunosy.com/articles/RJ5Di,https://gunosy.com/articles/R86T2,https://gunosy.com/articles/acoQa,https://gunosy.com/articles/apJoS
17,https://gunosy.com/articles/a4TNZ,https://gunosy.com/articles/aPJ7P,https://gunosy.com/articles/RIrjv,https://gunosy.com/articles/RP3CY,https://gunosy.com/articles/aLfGL,https://gunosy.com/articles/RCl2d,https://gunosy.com/articles/RjWH2,https://gunosy.com/articles/aA9Qv
18,https://gunosy.com/articles/auJKc,https://gunosy.com/articles/aP22i,https://gunosy.com/articles/RYvcL,https://gunosy.com/articles/acqGD,https://gunosy.com/articles/RmqlP,https://gunosy.com/articles/a0VAu,https://gunosy.com/articles/alVMv,https://gunosy.com/articles/aFIZd
19,https://gunosy.com/articles/RiMGd,https://gunosy.com/articles/RA80P,https://gunosy.com/articles/at9Qv,https://gunosy.com/articles/RfiqY,https://gunosy.com/articles/RSQoc,https://gunosy.com/articles/RoqIY,https://gunosy.com/articles/RrQ3G,https://gunosy.com/articles/axWwG
20,https://gunosy.com/articles/RCrfJ,https://gunosy.com/articles/RW2pJ,https://gunosy.com/articles/apEcD,https://gunosy.com/articles/a0NLd,https://gunosy.com/articles/RvKui,https://gunosy.com/articles/R8bIG,https://gunosy.com/articles/RreeJ,https://gunosy.com/articles/RoZDD
21,https://gunosy.com/articles/R5cdD,https://gunosy.com/articles/amfeJ,https://gunosy.com/articles/Rjf32,https://gunosy.com/articles/RpwVS,https://gunosy.com/articles/RJToZ,https://gunosy.com/articles/RrwYD,https://gunosy.com/articles/RwRIG,https://gunosy.com/articles/axwii
22,https://gunosy.com/articles/R1EXS,https://gunosy.com/articles/RYsI2,https://gunosy.com/articles/a7T0P,https://gunosy.com/articles/a4FPD,https://gunosy.com/articles/aLmnZ,https://gunosy.com/articles/atCtY,https://gunosy.com/articles/RNdxJ,https://gunosy.com/articles/affAu
23,https://gunosy.com/articles/awQ0u,https://gunosy.com/articles/RBhfc,https://gunosy.com/articles/au2iD,https://gunosy.com/articles/RbcHG,https://gunosy.com/articles/RBe7u,https://gunosy.com/articles/a76wG,https://gunosy.com/articles/RIA8Y,https://gunosy.com/articles/RVCSd
24,https://gunosy.com/articles/Ru1VS,https://gunosy.com/articles/RhGWG,https://gunosy.com/articles/R2CmS,https://gunosy.com/articles/RuYiD,https://gunosy.com/articles/RiZla,https://gunosy.com/articles/Rz2xJ,https://gunosy.com/articles/RjCrS,https://gunosy.com/articles/aZ8T2
25,https://gunosy.com/articles/apmXS,https://gunosy.com/articles/a0t4v,https://gunosy.com/articles/RN3ya,https://gunosy.com/articles/RA0KZ,https://gunosy.com/articles/acmZD,https://gunosy.com/articles/RbHzu,https://gunosy.com/articles/agmXS,https://gunosy.com/articles/a7N5Y
26,https://gunosy.com/articles/az4sZ,https://gunosy.com/articles/a0ClP,https://gunosy.com/articles/RnlxS,https://gunosy.com/articles/aox7u,https://gunosy.com/articles/a9buD,https://gunosy.com/articles/afN9G,https://gunosy.com/articles/a9j0u,https://gunosy.com/articles/RXz0u
27,https://gunosy.com/articles/RsF12,https://gunosy.com/articles/abQsZ,https://gunosy.com/articles/aebza,https://gunosy.com/articles/aGi8G,https://gunosy.com/articles/R2XI2,https://gunosy.com/articles/RS9YD,https://gunosy.com/articles/RdohP,https://gunosy.com/articles/Rp48Y
28,https://gunosy.com/articles/aCdiD,https://gunosy.com/articles/Ryc0a,https://gunosy.com/articles/aLTKJ,https://gunosy.com/articles/Ryuud,https://gunosy.com/articles/at982,https://gunosy.com/articles/afFfc,https://gunosy.com/articles/Rr5VS,https://gunosy.com/articles/axVGL
29,https://gunosy.com/articles/RfjJi,https://gunosy.com/articles/RZZTG,https://gunosy.com/articles/a7yWY,https://gunosy.com/articles/Rv4oc,https://gunosy.com/articles/Ricla,https://gunosy.com/articles/RvJPd,https://gunosy.com/articles/aebVJ,https://gunosy.com/articles/a01pv
30,https://gunosy.com/articles/aF62D,https://gunosy.com/articles/aeynS,https://gunosy.com/articles/RFCGD,https://gunosy.com/articles/awShv,https://gunosy.com/articles/amYg2,https://gunosy.com/articles/R1QdL,https://gunosy.com/articles/au7sZ,https://gunosy.com/articles/Rd03G
31,https://gunosy.com/articles/Rs1pc,https://gunosy.com/articles/a79bu,https://gunosy.com/articles/ambJi,https://gunosy.com/articles/aCInc,https://gunosy.com/articles/aCT2D,https://gunosy.com/articles/RVPbv,https://gunosy.com/articles/aRxEc,https://gunosy.com/articles/au3xc
32,https://gunosy.com/articles/RSrI2,https://gunosy.com/articles/auipJ,https://gunosy.com/articles/RjFJi,https://gunosy.com/articles/aAv1Y,https://gunosy.com/articles/aYl12,https://gunosy.com/articles/aDPFu,https://gunosy.com/articles/aEu9Y,https://gunosy.com/articles/RybDL
33,https://gunosy.com/articles/aXRLL,https://gunosy.com/articles/RIsJD,https://gunosy.com/articles/RSG9Y,https://gunosy.com/articles/RojWY,https://gunosy.com/articles/Ro2g2,https://gunosy.com/articles/aWryu,https://gunosy.com/articles/aGw6G,https://gunosy.com/articles/RAqQv
34,https://gunosy.com/articles/RslFP,https://gunosy.com/articles/aGKoJ,https://gunosy.com/articles/aqgoZ,https://gunosy.com/articles/RQ1W2,https://gunosy.com/articles/RWYyc,https://gunosy.com/articles/aAGw2,https://gunosy.com/articles/RPaqY,https://gunosy.com/articles/aAEOS
35,https://gunosy.com/articles/azlRa,https://gunosy.com/articles/aciXc,https://gunosy.com/articles/a9Cnc,https://gunosy.com/articles/R0qOJ,https://gunosy.com/articles/acEt2,https://gunosy.com/articles/RSbXZ,https://gunosy.com/articles/RZCwG,https://gunosy.com/articles/aPAJi
36,https://gunosy.com/articles/aDvvd,https://gunosy.com/articles/RhmeJ,https://gunosy.com/articles/aPBrJ,https://gunosy.com/articles/amXyu,https://gunosy.com/articles/RbGOc,https://gunosy.com/articles/aFj4P,https://gunosy.com/articles/RqIVS,https://gunosy.com/articles/acPSL
37,https://gunosy.com/articles/RAq6G,https://gunosy.com/articles/Rb2Qu,https://gunosy.com/articles/aEF3G,https://gunosy.com/articles/aPH5G,https://gunosy.com/articles/amwJd,https://gunosy.com/articles/RjMnS,https://gunosy.com/articles/aXAnS,https://gunosy.com/articles/RpJpJ
38,https://gunosy.com/articles/a0GSL,https://gunosy.com/articles/abPpJ,https://gunosy.com/articles/aWlAv,https://gunosy.com/articles/a0Wii,https://gunosy.com/articles/RCx1G,https://gunosy.com/articles/RJcPd,https://gunosy.com/articles/RPmYL,https://gunosy.com/articles/RjmOS
39,https://gunosy.com/articles/athDL,https://gunosy.com/articles/RNZXc,https://gunosy.com/articles/RnW3Y,https://gunosy.com/articles/allRa,https://gunosy.com/articles/azinJ,https://gunosy.com/articles/RotCY,https://gunosy.com/articles/RX3Qv,https://gunosy.com/articles/amDOc
40,https://gunosy.com/articles/aWWPL,https://gunosy.com/articles/RJ7VJ,https://gunosy.com/articles/RWKvi,https://gunosy.com/articles/R2wSd,https://gunosy.com/articles/agl2d,https://gunosy.com/articles/RCVrv,https://gunosy.com/articles/a0Jvd,https://gunosy.com/articles/R30Ji
41,https://gunosy.com/articles/RqvrZ,https://gunosy.com/articles/aXOai,https://gunosy.com/articles/Rb6Bv,https://gunosy.com/articles/RImqG,https://gunosy.com/articles/Rh1bu,https://gunosy.com/articles/RT6KJ,https://gunosy.com/articles/RC1jP,https://gunosy.com/articles/a7Z9Y
42,https://gunosy.com/articles/abZJL,https://gunosy.com/articles/R0LZL,https://gunosy.com/articles/aanC2,https://gunosy.com/articles/RB0TY,https://gunosy.com/articles/R2LRv,https://gunosy.com/articles/Rdqxv,https://gunosy.com/articles/apwsJ,https://gunosy.com/articles/atd2i
43,https://gunosy.com/articles/axTaL,https://gunosy.com/articles/RMiKc,https://gunosy.com/articles/axjWY,https://gunosy.com/articles/a0OPi,https://gunosy.com/articles/RXmoJ,https://gunosy.com/articles/aWLvd,https://gunosy.com/articles/aHWeZ,https://gunosy.com/articles/RQzha
44,https://gunosy.com/articles/azOrc,https://gunosy.com/articles/RqGud,https://gunosy.com/articles/RomhP,https://gunosy.com/articles/ag0za,https://gunosy.com/articles/RmJmZ,https://gunosy.com/articles/RL8pc,https://gunosy.com/articles/aczCG,https://gunosy.com/articles/RJtmS
45,https://gunosy.com/articles/Rflq2,https://gunosy.com/articles/aFFNc,https://gunosy.com/articles/RjJ0a,https://gunosy.com/articles/RQbci,https://gunosy.com/articles/Rsgzu,https://gunosy.com/articles/auHT2,https://gunosy.com/articles/aGXKS,https://gunosy.com/articles/RsKwY
46,https://gunosy.com/articles/R0haD,https://gunosy.com/articles/at252,https://gunosy.com/articles/RYlXZ,https://gunosy.com/articles/RCNNJ,https://gunosy.com/articles/aRCuL,https://gunosy.com/articles/aC28G,https://gunosy.com/articles/aLwdi,https://gunosy.com/articles/RSIBv
47,https://gunosy.com/articles/aqYpJ,https://gunosy.com/articles/RhtrS,https://gunosy.com/articles/RF8gG,https://gunosy.com/articles/awl2d,https://gunosy.com/articles/aFAvD,https://gunosy.com/articles/RXusc,https://gunosy.com/articles/RLpvi,https://gunosy.com/articles/RhVC2
48,https://gunosy.com/articles/aH6Ru,https://gunosy.com/articles/azBHY,https://gunosy.com/articles/RfgES,https://gunosy.com/articles/RsmoJ,https://gunosy.com/articles/RXzsZ,https://gunosy.com/articles/RKJGi,https://gunosy.com/articles/RnPHG,https://gunosy.com/articles/RXQBP
49,https://gunosy.com/articles/RZOoJ,https://gunosy.com/articles/atNYL,https://gunosy.com/articles/aWjoc,https://gunosy.com/articles/RjnqG,https://gunosy.com/articles/RsPVZ,https://gunosy.com/articles/RhN5Y,https://gunosy.com/articles/ax4ci,https://gunosy.com/articles/ac52D
50,https://gunosy.com/articles/aAyxS,https://gunosy.com/articles/aPZZL,https://gunosy.com/articles/aOfvi,https://gunosy.com/articles/R35oZ,https://gunosy.com/articles/R2mrc,https://gunosy.com/articles/aRa8G,https://gunosy.com/articles/R5p1G,https://gunosy.com/articles/aRsI2
51,https://gunosy.com/articles/RBXt2,https://gunosy.com/articles/RpPVZ,https://gunosy.com/articles/R3W6G,https://gunosy.com/articles/RZAiL,https://gunosy.com/articles/aC7pS,https://gunosy.com/articles/aYKI2,https://gunosy.com/articles/R5LiD,https://gunosy.com/articles/RbvpJ
52,https://gunosy.com/articles/a7uXc,https://gunosy.com/articles/aOVpZ,https://gunosy.com/articles/azlLL,https://gunosy.com/articles/RQqeZ,https://gunosy.com/articles/agVhP,https://gunosy.com/articles/aHala,https://gunosy.com/articles/RW1Bv,https://gunosy.com/articles/RWchv
53,https://gunosy.com/articles/R5xBa,https://gunosy.com/articles/amKXS,https://gunosy.com/articles/RAlLL,https://gunosy.com/articles/RKwsJ,https://gunosy.com/articles/aahec,https://gunosy.com/articles/Rqet2,https://gunosy.com/articles/a0b12,https://gunosy.com/articles/RWA12
54,https://gunosy.com/articles/RquNS,https://gunosy.com/articles/RAFAv,https://gunosy.com/articles/aA0TY,https://gunosy.com/articles/aHwoZ,https://gunosy.com/articles/a7zDL,https://gunosy.com/articles/RFbmJ,https://gunosy.com/articles/aclXZ,https://gunosy.com/articles/aF8nc
55,https://gunosy.com/articles/RYdud,https://gunosy.com/articles/RN2NS,https://gunosy.com/articles/atxpZ,https://gunosy.com/articles/Rm14v,https://gunosy.com/articles/RALg2,https://gunosy.com/articles/RCApS,https://gunosy.com/articles/a0EJD,https://gunosy.com/articles/RL03G
56,https://gunosy.com/articles/RV8aL,https://gunosy.com/articles/RBflv,https://gunosy.com/articles/Rygxc,https://gunosy.com/articles/RB4VJ,https://gunosy.com/articles/RYJ7P,https://gunosy.com/articles/RNW82,https://gunosy.com/articles/a4Rha,https://gunosy.com/articles/R16IY
57,https://gunosy.com/articles/RX5NZ,https://gunosy.com/articles/Ru8uL,https://gunosy.com/articles/a0r6Y,https://gunosy.com/articles/RJTKJ,https://gunosy.com/articles/awHMP,https://gunosy.com/articles/a71Sd,https://gunosy.com/articles/aZSPd,https://gunosy.com/articles/acwQv
58,https://gunosy.com/articles/aOxzP,https://gunosy.com/articles/RsQGd,https://gunosy.com/articles/ag2Rv,https://gunosy.com/articles/aOp7u,https://gunosy.com/articles/RXVmc,https://gunosy.com/articles/RMJeS,https://gunosy.com/articles/Rfgnc,https://gunosy.com/articles/RWYcL
59,https://gunosy.com/articles/RZpC2,https://gunosy.com/articles/RLscD,https://gunosy.com/articles/RbtuL,https://gunosy.com/articles/R10FP,https://gunosy.com/articles/R0iLD,https://gunosy.com/articles/RATH2,https://gunosy.com/articles/Rw02d,https://gunosy.com/articles/RicKc
60,https://gunosy.com/articles/RVHmS,https://gunosy.com/articles/atbrJ,https://gunosy.com/articles/azGhv,https://gunosy.com/articles/aWJMa,https://gunosy.com/articles/RqwlP,https://gunosy.com/articles/RjBHY,https://gunosy.com/articles/a71W2,https://gunosy.com/articles/RmgsJ
61,https://gunosy.com/articles/auE7u,https://gunosy.com/articles/abtT2,https://gunosy.com/articles/RM80P,https://gunosy.com/articles/aPPxJ,https://gunosy.com/articles/RJV0v,https://gunosy.com/articles/RvqYD,https://gunosy.com/articles/aeKDd,https://gunosy.com/articles/RpxnZ
62,https://gunosy.com/articles/aoDOc,https://gunosy.com/articles/RvyFP,https://gunosy.com/articles/aEbFP,https://gunosy.com/articles/aYREJ,https://gunosy.com/articles/aPDXc,https://gunosy.com/articles/R39cd,https://gunosy.com/articles/a6enZ,https://gunosy.com/articles/aHYXc
63,https://gunosy.com/articles/RJyNc,https://gunosy.com/articles/Rvm7u,https://gunosy.com/articles/alocD,https://gunosy.com/articles/abOnZ,https://gunosy.com/articles/RXxid,https://gunosy.com/articles/RogYD,https://gunosy.com/articles/aOThu,https://gunosy.com/articles/aAgmS
64,https://gunosy.com/articles/aedad,https://gunosy.com/articles/ag4yv,https://gunosy.com/articles/aGjBP,https://gunosy.com/articles/acIaL,https://gunosy.com/articles/RTpui,https://gunosy.com/articles/RzS0a,https://gunosy.com/articles/axpsS,https://gunosy.com/articles/RKv9Y
65,https://gunosy.com/articles/alZiD,https://gunosy.com/articles/Rb16G,https://gunosy.com/articles/axy4P,https://gunosy.com/articles/RNVBa,https://gunosy.com/articles/RfldL,https://gunosy.com/articles/RCO2L,https://gunosy.com/articles/aC86G,https://gunosy.com/articles/RP66G
66,https://gunosy.com/articles/azCrS,https://gunosy.com/articles/RhYdD,https://gunosy.com/articles/RZuOc,https://gunosy.com/articles/aYrzP,https://gunosy.com/articles/RyyMu,https://gunosy.com/articles/aW9mS,https://gunosy.com/articles/atXMv,https://gunosy.com/articles/RMfmc
67,https://gunosy.com/articles/aY6W2,https://gunosy.com/articles/Rz5wG,https://gunosy.com/articles/aftbu,https://gunosy.com/articles/RrmBa,https://gunosy.com/articles/alf5Y,https://gunosy.com/articles/RpZmZ,https://gunosy.com/articles/auahv,https://gunosy.com/articles/RTfFa
68,https://gunosy.com/articles/RL5jP,https://gunosy.com/articles/a42ad,https://gunosy.com/articles/RQzaD,https://gunosy.com/articles/RI9aL,https://gunosy.com/articles/abGMa,https://gunosy.com/articles/aWOC2,https://gunosy.com/articles/Ri7Av,https://gunosy.com/articles/alQVJ
69,https://gunosy.com/articles/amgxv,https://gunosy.com/articles/a44iL,https://gunosy.com/articles/aamPi,https://gunosy.com/articles/RsODd,https://gunosy.com/articles/RpbFP,https://gunosy.com/articles/axvvd,https://gunosy.com/articles/RQcFu,https://gunosy.com/articles/aXhJi
70,https://gunosy.com/articles/aXpYL,https://gunosy.com/articles/R5hTY,https://gunosy.com/articles/awJdD,https://gunosy.com/articles/Rp8hu,https://gunosy.com/articles/RnRNc,https://gunosy.com/articles/agBCG,https://gunosy.com/articles/R0OnZ,https://gunosy.com/articles/RFPmZ
71,https://gunosy.com/articles/R3jHY,https://gunosy.com/articles/Rynjv,https://gunosy.com/articles/RqAGd,https://gunosy.com/articles/aWqXJ,https://gunosy.com/articles/R0VVc,https://gunosy.com/articles/RS2HG,https://gunosy.com/articles/RXRVJ,https://gunosy.com/articles/aOI6G
72,https://gunosy.com/articles/RIApS,https://gunosy.com/articles/auuad,https://gunosy.com/articles/alJVZ,https://gunosy.com/articles/a45fZ,https://gunosy.com/articles/aZs1G,https://gunosy.com/articles/RfT82,https://gunosy.com/articles/RQYEZ,https://gunosy.com/articles/aGvad
73,https://gunosy.com/articles/aqmqG,https://gunosy.com/articles/RNzNc,https://gunosy.com/articles/R3VhP,https://gunosy.com/articles/RTypS,https://gunosy.com/articles/RouHG,https://gunosy.com/articles/RZsLd,https://gunosy.com/articles/Rq4EJ,https://gunosy.com/articles/RTNnZ
74,https://gunosy.com/articles/Rh0TY,https://gunosy.com/articles/RKlOZ,https://gunosy.com/articles/RvbCG,https://gunosy.com/articles/RIe0v,https://gunosy.com/articles/R0H7a,https://gunosy.com/articles/RSPdD,https://gunosy.com/articles/RCxI2,https://gunosy.com/articles/aATtY
75,https://gunosy.com/articles/axgtY,https://gunosy.com/articles/aY9PL,https://gunosy.com/articles/abP1Y,https://gunosy.com/articles/RiTRu,https://gunosy.com/articles/RIltG,https://gunosy.com/articles/aRLVa,https://gunosy.com/articles/aWncD,https://gunosy.com/articles/Rup9G
76,https://gunosy.com/articles/RJMju,https://gunosy.com/articles/afz92,https://gunosy.com/articles/RPVPi,https://gunosy.com/articles/am67a,https://gunosy.com/articles/RMZJL,https://gunosy.com/articles/aW1fZ,https://gunosy.com/articles/aDlfc,https://gunosy.com/articles/RuPad
77,https://gunosy.com/articles/aPYFu,https://gunosy.com/articles/atFEJ,https://gunosy.com/articles/RBghu,https://gunosy.com/articles/awwpc,https://gunosy.com/articles/ab4Av,https://gunosy.com/articles/awJyP,https://gunosy.com/articles/agMiL,https://gunosy.com/articles/RvR0u
78,https://gunosy.com/articles/apcGi,https://gunosy.com/articles/Rf6H2,https://gunosy.com/articles/RpVRP,https://gunosy.com/articles/RiEnZ,https://gunosy.com/articles/R5cQu,https://gunosy.com/articles/RszsZ,https://gunosy.com/articles/RqsVc,https://gunosy.com/articles/a9FmJ
79,https://gunosy.com/articles/aCnhP,https://gunosy.com/articles/Ror1G,https://gunosy.com/articles/RTFec,https://gunosy.com/articles/R3y12,https://gunosy.com/articles/RC3sJ,https://gunosy.com/articles/Rs9T2,https://gunosy.com/articles/R1WW2,https://gunosy.com/articles/RpEGL
80,https://gunosy.com/articles/RJ2SL,https://gunosy.com/articles/alFiL,https://gunosy.com/articles/a7F92,https://gunosy.com/articles/R2gSd,https://gunosy.com/articles/aCO6Y,https://gunosy.com/articles/aXiw2,https://gunosy.com/articles/aCgoZ,https://gunosy.com/articles/RTP4u
81,https://gunosy.com/articles/RNZBu,https://gunosy.com/articles/aWIH2,https://gunosy.com/articles/Ry2fS,https://gunosy.com/articles/RYG0a,https://gunosy.com/articles/Rsxid,https://gunosy.com/articles/RFgjP,https://gunosy.com/articles/R24TY,https://gunosy.com/articles/RVxrc
82,https://gunosy.com/articles/aZi8G,https://gunosy.com/articles/RL0aD,https://gunosy.com/articles/ac5ES,https://gunosy.com/articles/aCula,https://gunosy.com/articles/aeaHG,https://gunosy.com/articles/RF6hu,https://gunosy.com/articles/RoqGD,https://gunosy.com/articles/RKLEZ
83,https://gunosy.com/articles/aG8rS,https://gunosy.com/articles/azPGi,https://gunosy.com/articles/RC4yv,https://gunosy.com/articles/awGja,https://gunosy.com/articles/RJuQu,https://gunosy.com/articles/RJ66G,https://gunosy.com/articles/awWW2,https://gunosy.com/articles/aEpZD
84,https://gunosy.com/articles/Rw5pc,https://gunosy.com/articles/al16G,https://gunosy.com/articles/ae3W2,https://gunosy.com/articles/alNlv,https://gunosy.com/articles/RSMyv,https://gunosy.com/articles/aGYiD,https://gunosy.com/articles/RuNQa,https://gunosy.com/articles/a92pJ
85,https://gunosy.com/articles/Rqyci,https://gunosy.com/articles/RpyLL,https://gunosy.com/articles/aahxS,https://gunosy.com/articles/aggKJ,https://gunosy.com/articles/a6BvD,https://gunosy.com/articles/aAvGi,https://gunosy.com/articles/aEKxZ,https://gunosy.com/articles/RNfJD
86,https://gunosy.com/articles/RwtOJ,https://gunosy.com/articles/aCdAP,https://gunosy.com/articles/aCOPi,https://gunosy.com/articles/aEG7P,https://gunosy.com/articles/RMHYD,https://gunosy.com/articles/RyI5G,https://gunosy.com/articles/aEBmJ,https://gunosy.com/articles/RyWJd
87,https://gunosy.com/articles/RL0oc,,https://gunosy.com/articles/R0Lg2,https://gunosy.com/articles/Ryd4u,https://gunosy.com/articles/aCrDd,https://gunosy.com/articles/RiqH2,https://gunosy.com/articles/aba8G,https://gunosy.com/articles/aCFec
88,https://gunosy.com/articles/aPufS,,https://gunosy.com/articles/R0yCG,https://gunosy.com/articles/RpCCY,https://gunosy.com/articles/am2LD,https://gunosy.com/articles/aFapJ,https://gunosy.com/articles/aLwCY,https://gunosy.com/articles/RW28G
89,https://gunosy.com/articles/aqGGi,,https://gunosy.com/articles/aPy2d,https://gunosy.com/articles/aljTY,,https://gunosy.com/articles/RKr5Y,https://gunosy.com/articles/Ru9VS,https://gunosy.com/articles/RuJPd
90,https://gunosy.com/articles/aW1jP,,https://gunosy.com/articles/aeC2D,,,https://gunosy.com/articles/aYGvd,https://gunosy.com/articles/RdffJ,https://gunosy.com/articles/Rd9YD
91,https://gunosy.com/articles/aWHeZ,,https://gunosy.com/articles/RyHYD,,,https://gunosy.com/articles/RAyCG,https://gunosy.com/articles/RilXZ,https://gunosy.com/articles/RjLZL
92,https://gunosy.com/articles/R2smc,,https://gunosy.com/articles/RMAWY,,,https://gunosy.com/articles/aoevi,https://gunosy.com/articles/acqJd,https://gunosy.com/articles/RQOZD
93,https://gunosy.com/articles/RuHZd,,https://gunosy.com/articles/RudXc,,,https://gunosy.com/articles/acYFu,https://gunosy.com/articles/a4xjv,https://gunosy.com/articles/RICVS
94,https://gunosy.com/articles/Rq4yv,,https://gunosy.com/articles/apzRa,,,https://gunosy.com/articles/afrLd,https://gunosy.com/articles/aZNyu,https://gunosy.com/articles/RrLxJ
95,https://gunosy.com/articles/aAdLD,,https://gunosy.com/articles/a0y2d,,,https://gunosy.com/articles/RKnsS,https://gunosy.com/articles/RzQHY,https://gunosy.com/articles/azmVc
96,https://gunosy.com/articles/auO5Y,,https://gunosy.com/articles/RMd4S,,,https://gunosy.com/articles/RfswY,,
97,https://gunosy.com/articles/RmXDd,,,,,https://gunosy.com/articles/apzVJ,,
98,https://gunosy.com/articles/Rz2SL,,,,,,,
